post_slug,lang_slug,title,parent_slug,post_excerpt
home,ja,ホーム,,
home,en,ホーム,,
home,fr,ホーム,,
home,zh,ホーム,,
news,ja,ニュース,,
news,en,ニュース,,
news,fr,ニュース,,
news,zh,ニュース,,
blog,ja,ブログ,,
blog,en,ブログ,,
blog,fr,ブログ,,
blog,zh,ブログ,,
about,ja,私たちについて,,
about,en,私たちについて,,
about,fr,私たちについて,,
about,zh,私たちについて,,
message,ja,ご挨拶,about,
message,en,Message,about,
message,fr,Message,about,
message,zh,Message,about,
company-profile,ja,組織概要,about,
company-profile,en,組織概要,about,
company-profile,fr,組織概要,about,
company-profile,zh,組織概要,about,
history,ja,沿革,about,
history,en,沿革,about,
history,fr,沿革,about,
history,zh,沿革,about,
members,ja,メンバー,,
members,en,メンバー,,
members,fr,メンバー,,
members,zh,メンバー,,
learn,ja,学ぶ,,
learn,en,学ぶ,,
learn,fr,学ぶ,,
learn,zh,学ぶ,,
about-synecoculture,ja,シネコカルチャーとは,learn,
about-synecoculture,en,シネコカルチャーとは,learn,
about-synecoculture,fr,シネコカルチャーとは,learn,
about-synecoculture,zh,シネコカルチャーとは,learn,
manual,ja,Synecocultureマニュアル,,
manual,en,Synecocultureマニュアル,,
manual,fr,Synecocultureマニュアル,,
manual,zh,Synecocultureマニュアル,,
projects,ja,研究・活動,,
projects,en,研究・活動,,
projects,fr,研究・活動,,
projects,zh,研究・活動,,
case-studies,ja,実践事例,,
case-studies,en,実践事例,,
case-studies,fr,実践事例,,
case-studies,zh,実践事例,,
join,ja,支援・参加,,
join,en,支援・参加,,
join,fr,支援・参加,,
join,zh,支援・参加,,
resources,ja,資料・FAQ,,
resources,en,資料・FAQ,,
resources,fr,資料・FAQ,,
resources,zh,資料・FAQ,,
faq,ja,よくある質問,resources,
faq,en,よくある質問,resources,
faq,fr,よくある質問,resources,
faq,zh,よくある質問,resources,
documents,ja,ダウンロード資料,resources,
documents,en,ダウンロード資料,resources,
documents,fr,ダウンロード資料,resources,
documents,zh,ダウンロード資料,resources,
related-links,ja,関連リンク,resources,
related-links,en,関連リンク,resources,
related-links,fr,関連リンク,resources,
related-links,zh,関連リンク,resources,
glossary,ja,用語集,resources,
glossary,en,用語集,resources,
glossary,fr,用語集,resources,
glossary,zh,用語集,resources,
careers,ja,採用情報,,
careers,en,採用情報,,
careers,fr,採用情報,,
careers,zh,採用情報,,
privacy-policy,ja,個人情報保護方針,,
privacy-policy,en,個人情報保護方針,,
privacy-policy,fr,個人情報保護方針,,
privacy-policy,zh,個人情報保護方針,,
